job_id,scheduling_latency
77,43.37083387374878
41,92.50767970085144
37,92.58066892623901
5,130.84382700920105
4,130.88041234016418
2,130.9170482158661
0,131.92534756660461
