job_id,selection_time
97,1.9615085124969482
88,5.768087148666382
87,5.731632471084595
86,5.731905221939087
82,5.695647716522217
81,5.695801496505737
63,3.980790138244629
45,4.025622367858887
44,13.647140979766846
42,4.65474534034729
40,12.42930006980896
39,12.429454803466797
38,12.429579734802246
