job_id,wait_time
99,21.907493114471436
98,17.196629524230957
97,15.821144104003906
96,19.881288051605225
95,21.00028681755066
76,121.96133542060852
29,246.3651089668274
28,260.8369417190552
27,260.9098789691925
26,260.9828336238861
25,246.98430848121643
