job_id,wait_time
83,72.5861439704895
81,72.7318639755249
69,84.04932522773743
68,84.12208962440491
22,216.40579843521118
21,216.44217324256897
20,216.47856259346008
19,216.551691532135
