job_id,wait_time
82,97.98747754096985
58,128.91973066329956
57,128.95609140396118
56,128.99252128601074
2,291.5829179286957
1,291.6560859680176
0,291.72940611839294
