job_id,scheduling_latency
92,65.59295153617859
91,65.62945437431335
60,195.14008951187134
59,204.61569666862488
20,230.55677843093872
19,230.59343194961548
18,232.94689631462097
