job_id,scheduling_latency
58,531.4539444446564
57,549.1585209369659
56,559.5913934707642
