job_id,scheduling_latency
63,474.9936649799347
60,500.87145018577576
