job_id,scheduling_latency
95,108.57942461967468
45,604.8734958171844
41,609.9647219181061
40,605.0207901000977
33,580.4574494361877
