job_id,selection_time
63,197.30018663406372
60,223.10499238967896
