job_id,wait_time
74,130.5077464580536
73,133.29380083084106
