job_id,wait_time
63,277.693478345871
60,277.7664577960968
