job_id,scheduling_latency
98,71.77779841423035
40,520.3443245887756
39,520.4175856113434
38,520.4908113479614
37,520.5641398429871
34,620.8684711456299
