job_id,wait_time
98,20.443013191223145
40,221.0028431415558
39,221.07876539230347
38,221.15205240249634
37,221.22508215904236
34,376.4430499076843
