job_id,selection_time
85,19.386816263198853
83,24.87013864517212
82,20.660701751708984
46,24.489312887191772
