job_id,wait_time
78,71.02327179908752
66,87.6921443939209
35,174.2457263469696
34,174.2821810245514
33,174.31854033470154
15,247.02641892433167
14,247.09953022003174
0,230.24566268920898
