job_id,scheduling_latency
72,490.80592370033264
71,790.1830468177795
69,596.4036815166473
