job_id,selection_time
81,374.053514957428
80,153.60878467559814
73,153.83093738555908
