job_id,wait_time
54,365.14647340774536
49,365.21923661231995
48,365.2555537223816
7,805.4668741226196
4,790.8323094844818
