job_id,selection_time
99,14.789921522140503
76,38.65344834327698
