job_id,wait_time
72,69.15714168548584
70,69.19354915618896
16,154.19033002853394
15,154.26342749595642
12,154.4097716808319
