job_id,selection_time
72,269.65419483184814
71,555.5945608615875
69,375.1790678501129
