job_id,wait_time
60,168.86471819877625
58,168.93731451034546
56,169.0120735168457
