job_id,wait_time
64,187.93386602401733
62,188.0802571773529
55,219.90969133377075
