job_id,scheduling_latency
93,84.4164297580719
45,341.57800912857056
32,416.1246569156647
