job_id,wait_time
90,47.26991271972656
33,208.9294662475586
20,252.60426473617554
