job_id,wait_time
87,92.90626740455627
86,92.9428038597107
74,116.36491584777832
29,322.27525806427
27,322.4214856624603
