job_id,wait_time
46,161.60196709632874
44,161.638329744339
38,146.98707818984985
37,147.06004905700684
