job_id,scheduling_latency
28,722.5786039829254
27,730.252851486206
