job_id,scheduling_latency
73,509.59457063674927
62,500.2722101211548
28,404.6302876472473
26,404.66691732406616
