job_id,scheduling_latency
13,566.2257843017578
12,566.2644939422607
11,566.4109461307526
