job_id,scheduling_latency
96,37.818713665008545
39,619.3139290809631
