job_id,selection_time
73,201.48282122612
62,192.08715629577637
28,166.8237202167511
26,166.7873237133026
