job_id,selection_time
92,39.82992482185364
16,186.2565402984619
15,222.03116416931152
14,210.78128790855408
