job_id,wait_time
35,224.5083713531494
34,211.42333841323853
