job_id,wait_time
98,17.92143702507019
2,452.96408915519714
