job_id,scheduling_latency
90,17.761459350585938
73,41.2488055229187
55,62.79144620895386
54,62.82782864570618
53,62.86422157287598
22,88.80654191970825
21,88.87954902648926
20,88.91618180274963
