job_id,selection_time
90,0.7585484981536865
73,4.761950731277466
55,2.7190325260162354
54,2.7190511226654053
53,2.719024419784546
22,0.36580920219421387
21,0.4023444652557373
20,0.4024806022644043
