job_id,scheduling_latency
8,869.2326080799103
5,866.9220387935638
4,902.9836013317108
