job_id,wait_time
96,26.56268072128296
90,26.599041223526
48,147.80399179458618
42,161.7928078174591
25,288.56872296333313
10,317.7829399108887
