job_id,wait_time
87,94.34606838226318
86,100.12181687355042
35,370.4766848087311
34,370.54973125457764
0,501.0283443927765
