job_id,scheduling_latency
62,221.42183089256287
61,218.62934637069702
60,218.70175957679749
59,218.77459836006165
56,221.53117728233337
29,309.6504759788513
28,311.6629295349121
27,309.7968964576721
26,339.34443402290344
