job_id,selection_time
76,56.38786721229553
72,82.75989294052124
