job_id,selection_time
81,176.1288070678711
76,176.1291983127594
17,222.9659354686737
14,240.72075247764587
13,236.16464233398438
12,249.0204565525055
