job_id,wait_time
36,354.2473146915436
35,320.7183167934418
34,320.7915086746216
28,320.93729639053345
27,321.01016998291016
2,445.22780656814575
1,445.30082511901855
