job_id,wait_time
43,303.79277515411377
42,303.8656687736511
37,303.97547125816345
16,522.313312292099
