job_id,selection_time
78,2.4913442134857178
73,5.094590187072754
71,2.4189343452453613
70,5.026997804641724
35,2.845613718032837
25,1.3282856941223145
24,1.6076161861419678
23,1.607551097869873
22,1.4374337196350098
21,1.4742753505706787
