job_id,selection_time
40,142.53749346733093
39,206.98594188690186
